Name,Birthday
Alice,1990-05-17
Bob,1987-12-03
Charlie,1992-05-16
Diana,1985-07-22
Ethan,1991-11-30
Fiona,1988-01-08
George,1993-07-22
Hannah,1989-02-14
Ian,1994-10-05
Julia,1990-03-19
Nina,1987-12-10
Queen,1995-06-01
Ian87,2000-04-19
Quentin,1996-01-17
Oscar13,1983-03-31
Leo31,1992-01-30
Kevin76,1993-10-28
Xander,1986-06-17
Zack,1988-01-03
Vera,1997-03-25
Wendy21,1983-02-18
Paula3,1985-06-23
Laura46,1987-02-18
Leo,1990-06-20
Paula92,1993-09-30
Julia9,1999-04-02
Alice92,1980-12-28
Sophie97,1982-03-25
Ron,1981-07-22
Ethan77,1988-03-10
Hannah27,2000-07-18
Jack,1995-08-22
Sophie,1989-07-08
Paula98,1987-05-28
Leo80,1981-09-01
Oscar,1993-05-12
Paula,1997-06-30
Ron82,1980-12-21
Leo5,1986-12-15
Frank59,1982-02-18
Diana,1989-09-13
Brian,1997-01-06
Hannah,1985-09-14
Oscar65,1999-06-08
Cathy36,1992-04-01
Oscar85,1997-10-07
Brian40,1980-08-29
Cathy27,1982-12-26
Michael,1991-10-16
Isla13,1989-04-24
Tina3,1989-11-07
Ethan,1996-03-26
Alice,1989-08-22
Hannah29,2000-02-28
Cathy50,1999-06-25
Fiona37,1985-05-11
George4,1982-11-07
Ethan88,1992-03-02
Nina41,1987-02-28
Victor41,1991-10-24